<beans xmlns="http://www.springframework.org/schema/beans"
	xmlns:xsi="http://www.w3.org/2001/XMLSchema-instance"
	xmlns:mvc="http://www.springframework.org/schema/mvc"
	xmlns:context="http://www.springframework.org/schema/context"
	xmlns:aop="http://www.springframework.org/schema/aop"
	xmlns:tx="http://www.springframework.org/schema/tx"
	xsi:schemaLocation="http://www.springframework.org/schema/beans 
		http://www.springframework.org/schema/beans/spring-beans-4.2.xsd 
		http://www.springframework.org/schema/mvc 
		http://www.springframework.org/schema/mvc/spring-mvc-4.2.xsd 
		http://www.springframework.org/schema/context 
		http://www.springframework.org/schema/context/spring-context-4.2.xsd 
		http://www.springframework.org/schema/aop 
		http://www.springframework.org/schema/aop/spring-aop-4.2.xsd 
		http://www.springframework.org/schema/tx 
		http://www.springframework.org/schema/tx/spring-tx-4.2.xsd ">
	<!-- 加载配置文件 -->
	<context:property-placeholder
		location="classpath:db.properties" />

	<!-- 注解开发 -->
	<!-- 自动扫描组件，这里要把controler下面的 controller去除，他们是在spring3-servlet.xml中配置的，如果不去除会影响事务管理的。 -->
	<context:component-scan
		base-package="cn.lastwhisper.*">
		<context:exclude-filter type="annotation"
			expression="org.springframework.stereotype.Controller" />
	</context:component-scan>
	<!-- 数据源，使用Druid -->
	<bean id="dataSource"
		class="com.alibaba.druid.pool.DruidDataSource">
		<property name="url" value="${jdbc.url}" />
		<property name="username" value="${jdbc.username}" />
		<property name="password" value="${jdbc.password}" />
		<!-- 配置初始化大小、最小、最大 -->
		<property name="maxActive" value="20" />
		<property name="initialSize" value="20" />
		<property name="minIdle" value="20" />
		<!-- 配置获取连接等待超时的时间 -->
		<property name="maxWait" value="60000" />
		<!-- 配置间隔多久才进行一次检测，检测需要关闭的空闲连接，单位是毫秒 -->
		<property name="timeBetweenEvictionRunsMillis" value="60000" />
		<!-- 配置一个连接在池中最小生存的时间，单位是毫秒 -->
		<property name="minEvictableIdleTimeMillis" value="300000" />
		<property name="testWhileIdle" value="true" />
		<property name="testOnBorrow" value="false" />
		<property name="testOnReturn" value="false" />
		<!-- 打开PSCache，并且指定每个连接上PSCache的大小 -->
		<property name="poolPreparedStatements" value="true" />
		<property name="maxOpenPreparedStatements" value="20" />
		<!-- 配置监控统计拦截的filters，去掉后监控界面sql无法统计 -->
		<property name="filters" value="stat" />
	</bean>

	<!-- sqlSessinFactory -->
	<bean id="sqlSessionFactory"
		class="org.mybatis.spring.SqlSessionFactoryBean">
		<!-- 加载mybatis的配置文件 -->
		<property name="configLocation"
			value="classpath:sqlMapConfig.xml" />
		<!-- 数据源 -->
		<property name="dataSource" ref="dataSource" />
	</bean>

	<!-- 配置mapper扫描，并创建mapper.java的实例对象 -->
	<bean class="org.mybatis.spring.mapper.MapperScannerConfigurer">
		<property name="basePackage"
			value="cn.lastwhisper.modular.mapper" />
		<property name="sqlSessionFactoryBeanName"
			value="sqlSessionFactory" />
	</bean>


	<!-- 事务管理器 对mybatis操作数据库事务控制，spring使用jdbc的事务控制类 -->
	<bean id="transactionManager"
		class="org.springframework.jdbc.datasource.DataSourceTransactionManager">
		<property name="dataSource" ref="dataSource" />
	</bean>

	<!-- 开启注解AOP -->
	<aop:aspectj-autoproxy></aop:aspectj-autoproxy>
	<!-- 注解方式配置事物，为了配合自定义注解 -->
	<tx:annotation-driven
		transaction-manager="transactionManager" proxy-target-class="true"
		order="200" />
</beans>