﻿<?xml version="1.0" encoding="UTF-8"?>
<beans xmlns="http://www.springframework.org/schema/beans"
	xmlns:xsi="http://www.w3.org/2001/XMLSchema-instance" 
	xsi:schemaLocation="
		http://www.springframework.org/schema/beans 
		http://www.springframework.org/schema/beans/spring-beans.xsd">  
	
<!-- 	<bean class="redis.clients.jedis.JedisPool"> -->
<!-- 		<constructor-arg name="host" value="localhost"></constructor-arg> -->
<!-- 		<constructor-arg name="port" value="6379"></constructor-arg> -->
<!-- 	</bean> -->
	<bean id="jedis" class="redis.clients.jedis.Jedis">
		<constructor-arg index="0" value="127.0.0.1"></constructor-arg>
	</bean>
</beans>
	
