<?xml version="1.0" encoding="UTF-8" ?>
<!DOCTYPE configuration
PUBLIC "-//mybatis.org//DTD Config 3.0//EN"
"http://mybatis.org/dtd/mybatis-3-config.dtd">
<configuration>
	<settings>
		<!-- 全局性设置懒加载。如果设为‘false'，则所有相关联的都会被初始化加载。 -->
		<setting name="lazyLoadingEnabled" value="true" />
		<!-- 当设置为‘true'的时候，懒加载的对象可能被任何懒属性全部加载。否则，每个属性都按需加载。 -->
		<setting name="aggressiveLazyLoading" value="false" />
	</settings>
	<!-- 配置别名 -->
	<typeAliases>
		<!-- 批量扫描别名 -->
		<package name="cn.lastwhisper.modular.pojo" />
	</typeAliases>
	<!-- 由于整合不在此处扫描mapper包 -->
	<!-- 配置分页插件 -->
    <plugins>
        <plugin interceptor="com.github.pagehelper.PageHelper">
            <!-- 设置数据库类型 Oracle,Mysql,MariaDB,SQLite,Hsqldb,PostgreSQL六种数据库-->        
            <property name="dialect" value="mysql"/>
        </plugin>
    </plugins>
</configuration>
